{
  "project_info": {
    "project_number": "589479879224",
    "project_id": "sign-app-5e30a",
    "storage_bucket": "sign-app-5e30a.firebasestorage.app"
  },
  "client": [
    {
      "client_info": {
        "mobilesdk_app_id": "1:589479879224:android:a386ab2374582e0a887ccd",
        "android_client_info": {
          "package_name": "com.example.databseforsigns"
        }
      },
      "oauth_client": [],
      "api_key": [
        {
          "current_key": "AIzaSyAFFKqLZE0KKoqw-ZeEhzmvF5GeKAZ2M8M"
        }
      ],
      "services": {
        "appinvite_service": {
          "other_platform_oauth_client": []
        }
      }
    }
  ],
  "configuration_version": "1"
}